C_env,C_air,R_rc,R_oe,R_er,RMSE,Action_total,Energy,Penalty,Exceedance,Action_total_online,Energy_online,Penalty_online,Exceedance_online
2861021.5,273879.327,0.00543592,0.02509034,0.00494587,0.5297604220000001,2076.8399741210933,346.38177,234.0,107.87897847068731,2817.202880859375,521.8742065429688,38.0,27.188744158751078
6334976.69,402955.89200000005,0.0143141,0.05729827,0.00167946,1.256657001,3229.4132774658196,554.05225,157.5,71.16787842410619,3015.134033203125,536.9476928710938,21.0,9.280811098712666
4298636.91,378731.472,0.01001532,0.00525134,0.00198745,8.26907661,6577.7272768554685,1761.9736,1126.0,4766.357651103127,-961.4401245117188,18116.087890625,1099.5,8350.647715469682
3104436.98,149756.177,0.00276144,0.01369298,0.003109,0.898362282,6181.966510925293,1231.8153,908.5,4030.558872029969,3467.97607421875,2483.865966796875,717.5,1732.214307176646
3458211.77,426901.666,0.00047612,0.02608817,0.00065326,2.952926653,7823.996003295899,1232.6582,1149.5,6625.0541468826,2889.4560546875,540.0844116210938,271.0,364.56498281077177
1225594.14,128379.379,0.00585746,0.02328236,0.00415422,0.7157452679999999,2288.6552966308595,396.70557,268.5,93.90087254502312,2681.8193359375,522.4747924804688,43.0,30.362961701288796
3038732.2,306185.724,0.0076031000000000015,0.03316523,0.00883839,1.1735943000000002,1527.2621949462894,255.02211,1017.0,1117.5683143505264,2682.914794921875,608.37353515625,156.5,233.99016421853912
6462240.32,438527.591,0.00780941,0.0414482,0.00747276,1.247493647,1915.321233520508,322.07944,878.0,559.5285482500776,3234.310791015625,585.0584106445312,45.5,41.02866163046458
5876427.79,528586.802,0.0096617,0.05377252,0.0012432,1.544007074,3200.3335551757814,547.92084,214.5,62.752684296768656,2993.1787109375,522.3353881835938,28.0,7.915114148172396
3894310.43,324257.144,0.007012899999999999,0.01719279,0.00520411,1.178434529,2409.7302692260737,611.5757,170.5,39.319449956240604,2790.311767578125,584.96044921875,40.0,43.13894763422044
5293903.78,503816.037,0.01238888,0.06658016,0.0038022,1.674393842,2501.012383056641,420.56522,186.5,40.21984858059946,2910.114501953125,496.80078125,35.0,9.478250768512957
3975194.56,595253.074,0.01223939,0.02950873,0.00145365,1.568203295,3278.263993408203,558.2502400000001,131.5,55.73023812682587,2799.59375,475.9547424316406,50.5,10.346155625575472
4873900.62,421250.725,0.00300214,0.00996465,0.00276976,1.077598199,635.6084686889649,14487.197,1005.0,5034.250253980366,2558.682861328125,6323.64453125,1023.5,4511.04638239573
1468436.72,343317.565,0.01088053,0.04777724,0.00563595,1.337327901,1893.0228666992184,323.6282,1062.0,545.0141273385553,2909.7353515625,512.5325317382812,27.0,8.107344504780212
5623394.94,334851.257,0.01246847,0.0221711,0.00474237,2.174906526,2125.2079873046873,503.47388,290.0,57.76030544897584,2722.871826171875,543.7781982421875,35.5,16.387430362515275
4430653.42,193052.759,0.00437095,0.05091276,0.00447812,2.006481569,2388.991520751953,476.3185,672.5,179.64354594642273,3084.32373046875,594.4364013671875,158.0,190.02479828161478
3313823.4,285583.223,0.00429264,0.04572257,0.00592589,1.904091467,1781.2485487060544,302.7228,1052.0,679.7333680152913,2636.509765625,572.7753295898438,68.0,94.65247153829306
1388780.15,142962.044,0.00670455,0.03392821,0.00839329,1.705204543,1440.1295281982425,245.20341000000002,1068.5,1152.5276762030658,3034.22265625,518.3407592773438,32.0,9.755159286147999
1591036.31,790296.359,0.00537866,0.03276073,0.00510095,1.190388851,1971.311837890625,353.4212,696.0,203.4980482797684,2746.212890625,564.655029296875,26.5,8.118127646278808
3645666.16,513975.902,0.01275213,0.00657592,0.00147272,8.758463512999999,4983.53991003418,1279.5308,843.0,1939.8403576766711,1548.4783935546875,9187.7021484375,934.0,4674.008367619654
2723457.31,546219.559,0.00957375,0.0445199,0.00545395,1.002353983,2196.549224487305,373.55432,920.5,298.567898580843,3053.747314453125,544.811767578125,35.5,7.679454035685842
3816923.92,510793.71,0.00512225,0.02868746,0.00526475,0.913047061,2207.511263793945,368.3729,516.5,145.7067432809211,2994.638427734375,530.3762817382812,60.0,83.10804700868974
3766025.14,472079.901,0.00833323,0.04363887,0.00385776,1.023536691,2398.6434705810548,408.66663,414.5,28.977091710148244,2826.885498046875,508.2464599609375,20.5,5.573326162243642
5352254.9,270997.002,0.01330449,0.03214328,0.00045216,1.947588253,3155.78959375,2903.3582,980.0,1261.3958381945693,3292.491455078125,695.4823608398438,382.0,276.0948457811608
619612.887,253562.293,0.0002624,0.01017477,0.00219105,2.9492116630000003,8000.0,1265.882,1163.5,6829.563201954162,7991.06689453125,1267.132568359375,1163.5,6817.2476510815795
7148425.5,407791.229,0.00362837,0.03981989,0.00179184,1.89572202,3113.953040283204,536.35297,160.0,62.386851106111095,3097.778076171875,564.3701171875,33.0,12.345378708017408
3712073.36,166613.88199999998,0.00852812,0.05896216,0.00484865,1.775855525,2053.4180336914064,458.09955,889.0,285.92988677981907,3036.931884765625,516.8186645507812,22.0,3.060397295311704
2414972.88,358209.399,0.01051364,0.04040257,0.00454528,0.72457883,1947.1226619873046,333.03323,975.0,297.38266758209664,2764.5380859375,493.3023986816406,7.5,1.2640119767531122
2959642.48,695605.703,0.004093,0.01153084,0.00428789,1.030424004,4517.048989135742,1254.6271,632.5,1182.7897670482062,4237.8427734375,1306.2852783203125,511.5,868.1058070369472
996585.824,362063.316,0.00803471,0.0360704,0.00391238,0.965979288,2128.7809537353514,356.68683,466.5,78.44412902270106,2815.0390625,503.9528503417969,38.5,21.0673050277773
4602423.49,618934.371,0.00786387,0.04212312,0.00479622,1.092548182,2111.822899658203,361.9499,703.5,215.43480525530197,2774.270751953125,517.4249877929688,72.0,82.54728239008931
1177568.89,643381.399,0.00089212,0.00264702,0.00597372,1.838447434,7883.082132324219,1244.2799,1163.5,6644.1506398494175,7991.255859375,1264.5101318359375,1163.5,6817.126360574064
3279696.39,328860.773,0.01121727,0.04235755,0.0053772,0.898904936,1908.614764892578,321.68384,803.0,361.5582766767459,2877.2998046875,512.65966796875,37.0,16.89514665946802
6643188.44,206904.936,0.0011661,0.0253625,0.00671781,2.482078075,2749.170185913086,459.7194,524.5,343.84259968397345,2731.875732421875,617.9214477539062,170.5,184.71730283075263
1116271.18,616660.7320000001,0.01186058,0.0310389,0.0040829,1.414750343,2363.638940551758,434.14154,207.5,26.54987230902733,2888.222412109375,487.5536193847656,19.0,5.246294113023296
4972446.98,413087.486,0.00401893,0.02677905,0.00604223,1.214310625,1959.573165649414,330.03418,732.0,356.33848917720866,2343.9443359375,520.6734008789062,174.5,331.541951980953
1828500.3,459918.179,0.00348677,0.01323403,0.00287377,0.8239443390000001,3688.8915579833983,934.69775,546.5,782.3477733604793,3105.0263671875,1460.22900390625,370.5,716.2545121170606
2605674.98,441518.083,0.00985954,0.05575096,0.00266432,1.412819829,2739.4109770507807,510.98495,62.5,11.532973239450062,2726.056640625,562.4984130859375,34.0,17.86293722180018
2013764.6,480382.96200000006,0.00811833,0.02844319,0.00362004,0.488668226,2245.4823465576173,390.8799,32.5,1.6672896419176713,2914.593505859375,517.2601928710938,18.5,1.8418363882460724
6239142.82,452999.684,0.00643666,0.0306072,0.00296925,0.672834099,2471.0572919921874,419.15713999999997,8.0,0.4633202784669024,2570.525634765625,460.37200927734375,29.5,4.718512816114179
7481650.02,651124.2370000001,0.01047016,0.01590059,0.00466797,2.885804678,2221.130657714844,458.9876,394.5,140.16925494616115,2842.302490234375,554.707763671875,55.5,20.587579545867683
5953446.04,116704.726,0.00763162,0.04479289,0.00190057,1.18987995,3277.980355224609,555.27057,171.0,82.175697796847,2867.800048828125,490.4806823730469,30.5,7.717890542559802
1542181.07,199403.028,0.00897051,0.03432654,0.00281605,0.74417086,2503.914537353516,422.47472999999997,1.5,0.13589649992011846,2431.54931640625,460.63409423828125,23.0,5.922329855325055
4278432.67,235029.224,0.01308596,0.03575733,0.0069738,1.631949553,1572.8232413330081,283.7518,997.0,857.4015128041577,2501.377685546875,498.6579895019531,66.5,68.05215369204574
3933230.02,384432.372,0.00322555,0.03799737,0.00404716,1.880065199,2518.728380493164,418.13846,96.5,23.42707715121779,2472.180419921875,441.56072998046875,40.5,13.567198124040344
3794327.69,487828.449,0.01190901,0.0205934,0.00581212,2.148177971,1971.747612915039,358.27686,680.0,256.09434392128793,2695.114013671875,562.5587158203125,56.0,111.03032132104121
1674398.43,569218.618,0.00384762,0.02306758,0.00337376,0.988641164,2360.8030222167968,509.04742000000005,17.0,6.766233193621223,2649.706298828125,499.74053955078125,33.0,18.68112193895227
5083224.57,497865.298,0.00916617,0.03860202,0.00037304,1.671927071,2720.976902465821,2788.3882,967.0,1203.0481962128215,3036.6416015625,584.4580078125,73.0,34.40308798789561
5219066.15,634096.917,0.00818242,0.06441355,0.00630892,1.985813651,2205.8634357910155,401.51373,821.5,287.038897960037,2729.989013671875,477.00006103515625,53.5,27.812093251693856
1329156.27,667441.613,0.00222908,0.01845885,0.00371193,1.55283031,8000.0,1265.882,1163.5,6829.563201954162,7990.70703125,1268.934326171875,1163.5,6817.018188693641
7914789.89,922638.489,0.00187988,0.016346100000000002,0.00225421,1.788177051,3930.0259788818357,1039.6821,720.0,1208.347366928758,2639.087646484375,710.8876953125,211.0,229.08624434203608
4022246.94,221841.902,0.00375583,0.04050387,0.00465781,1.829303031,2161.725988647461,360.5616,705.0,223.96742853456828,2593.509765625,440.7543640136719,18.5,3.4999688174786954
2229590.72,294023.048,0.00138195,0.04658182,0.00317967,2.6108851630000003,1691.555581176758,587.02185,1029.0,910.5107377167952,2605.622314453125,482.7690734863281,42.0,43.75969351171776
5662737.4,215805.77,0.0137359,0.02146141,0.00440146,2.713809239,2226.9070659179692,415.12656,203.0,35.46252249418715,2672.439697265625,579.772216796875,21.5,4.548730211897157
4355667.92,558524.97,0.00215637,0.01455948,0.00232455,1.422199801,8000.0,1265.882,1163.5,6829.563201954162,7991.94189453125,1264.614501953125,1163.5,6817.804778361835
6139171.83,183425.246,0.00657719,0.07038281,0.00255707,2.194808898,2321.0300017089844,423.13995,451.5,210.6219741885176,2789.528076171875,494.9631652832031,24.0,7.2250443783551255
2842856.36,396211.932,0.00453825,0.03657854,0.00297983,1.422944965,2491.8666782226564,419.13583,3.0,0.4192610730771591,2941.534423828125,527.6297607421875,24.0,5.75475572166188
5491261.73,555392.542,0.00721335,0.00371475,0.00306097,7.143321742,5393.218069580078,1908.5397,899.5,2073.9823842866144,2425.87841796875,1975.5032958984375,800.0,1570.4655383445722
2394827.07,602690.191,0.00743381,0.02118257,0.00204856,1.251199525,3531.514468017578,604.4541,258.0,110.03667440277832,3259.85986328125,592.2532958984375,44.5,13.125850072928715
856226.0329999998,302870.487,0.00605243,0.05300137,0.005769699999999999,1.875406234,1933.3801348876952,327.8106,814.0,551.3707383058952,2830.89208984375,527.4820556640625,31.0,23.997395701549085
2250903.73,338350.42299999995,0.00709957,0.01738707,0.0013078,1.9330933,4096.945869140625,746.7855,541.0,499.2219333374765,3357.59423828125,941.65185546875,265.0,405.13748950958774
1682544.46,101115.444,0.01397947,0.00483491,0.00089853,10.84383443,3764.1195067138674,3518.0918,913.0,2061.2708857751995,6823.35595703125,2133.755859375,1120.5,5468.688178085043
2690346.29,396945.993,0.00906424,0.05958354,0.00516318,1.7179384519999998,2128.372143554688,358.543,579.5,165.10446533622343,2875.51904296875,512.58447265625,22.5,5.746335925118119
3201384.11,588468.2,0.00940695,0.01780483,0.00433968,2.140300374,2661.09884387207,594.1544,165.0,106.43053228652175,3640.106689453125,626.7408447265625,74.5,19.924061313392038
4644286.79,209313.07100000003,0.00485812,0.05162289,0.00611624,1.998763348,2121.8708312988283,354.27792,944.5,561.0074650089691,3193.1103515625,558.0991821289062,34.0,17.2510728815644
537336.554,743650.062,0.00636057,0.03540915,0.00649955,1.335791367,1854.1941599121094,317.2004,732.5,417.1285827428435,3127.3623046875,554.3786010742188,48.0,12.441875603858712
2548578.75,371257.24,0.00681073,0.02263767,0.00397319,0.424849037,2335.6114230957032,421.9525,73.5,8.203281000599922,2615.058837890625,523.836181640625,32.0,4.360132990307859
5462902.72,314965.59,0.00563836,0.0197901,0.00820297,0.738612643,1631.9916729736328,272.97934,1033.0,1150.1468205384442,3066.099853515625,550.7147216796875,85.5,105.28465767318706
3537271.4,246282.147,0.00696981,0.03748787,0.00088019,1.289271128,2892.454475585937,496.64508,254.0,120.95192266713579,2678.468994140625,537.0628051757812,36.5,17.377198851928622
6877758.79,74048.2955,0.00736419,0.01948369,0.00161431,1.536468366,3979.9349213867185,687.64453,862.5,744.9869679903577,3205.010498046875,660.5816040039062,82.5,37.7434109541899
2589278.07,579239.917,0.00996317,0.01116648,0.00556805,3.795490446,3104.51986517334,1343.8081,388.5,375.526407246869,4013.61669921875,857.7232055664062,362.0,460.2148485906004
946984.179,67174.0773,0.00858851,0.01501163,0.00732515,2.697028294,1958.5488466186528,1024.0797,670.5,424.1643659493997,3325.221435546875,767.0753173828125,112.0,115.3141935343851
1765927.29,540408.491,0.00467728,0.01234578,0.00419712,1.148320507,3536.650090576172,1171.0725,431.0,533.2669586497467,3486.127685546875,1345.294189453125,274.0,274.32495079677
5023788.32,677789.8309999999,0.00527439,0.00776041,0.00102213,4.245129393,5583.874272216797,1200.4559,1129.0,3203.601158075466,2703.365966796875,7068.70947265625,943.5,3170.4630693461504
3516114.14,227724.54,0.00557559,0.0256396,0.00765387,1.006847397,1863.729400024414,315.51886,836.5,711.6095416941959,3127.68212890625,549.8195190429688,87.5,69.41284763973424
5740474.82,320994.351,0.00656644,0.03181206,0.00788163,1.081638121,1812.3811158447265,301.4731,1005.5,793.3177857323906,2823.36572265625,611.83203125,80.0,104.30637525794185
3175457.55,90237.098,0.01025557,0.04881558,0.00357959,1.123296901,2428.377162109375,410.8826,35.5,1.2576296757803809,2665.513671875,468.62939453125,10.5,1.1545734919422923
4112557.0,467456.51700000005,0.00599244,0.02352188,0.00662777,0.468224556,2074.008100830078,379.99045,939.0,518.0471051843869,3132.578369140625,542.5960693359375,46.0,20.06924045190628
2299537.6,170873.948,0.00502268,0.02769254,0.00175846,0.826835558,2910.8563869628906,526.5812400000001,106.5,16.863678916281874,2769.576171875,607.1751708984375,25.5,7.1842710429256815
2456072.62,108816.823,0.00882519,0.02420934,0.00546765,1.441825313,1977.127473999024,329.19272,694.5,269.9636050746024,2868.599365234375,522.0142822265625,36.5,21.18465825232989
3329608.78,841749.5440000001,0.00619022,0.04688614,0.00451727,1.620341307,2307.378904174805,387.7578,497.0,216.56155375120446,2831.69287109375,496.0682373046875,22.0,6.085654857351921
4734776.65,716903.97,0.00258566,0.00689491,0.00344478,1.325439697,6479.824148620605,2720.607,1147.0,5386.23262444253,7975.9658203125,1296.90625,1163.5,6804.791742025342
3594186.11,282519.697,0.00473552,0.02461366,0.00326101,0.634591789,2570.618031738281,444.45682,7.0,3.4354397266393466,2906.247314453125,543.4899291992188,37.5,13.986204069078656
4811968.05,483322.575,0.00245446,0.03915043,0.00329316,2.162383849,2491.8926813964845,453.37833,31.0,6.723179543690464,2739.033935546875,485.0665588378906,31.0,20.006463947817608
3064635.93,263382.037,0.01491774,0.04312598,0.00242124,0.837930803,2754.868865966797,473.99338,65.0,18.425947541966973,2733.398193359375,555.21484375,32.0,4.2794882785387465
2086057.08,176546.742,0.00931387,0.02729923,0.00950142,2.048966095,1590.896384033203,268.9433,1005.5,1071.4365318350958,3008.222412109375,560.9403686523438,71.5,54.82982958744476
2065256.96,388109.633,0.0028534000000000003,0.01552309,0.00115347,1.234680519,3636.315597290039,834.11816,749.5,766.167252351875,3197.75927734375,1068.9227294921875,396.5,343.1133774208386
1950830.56,244334.581,0.01067021,0.02987596,0.00067871,1.5808112319999998,2929.635321655273,502.57372999999995,156.5,45.3537488074416,2995.072998046875,518.6710815429688,70.5,18.962084009431432
4891940.68,367619.953,0.01143781,0.01873323,0.00714368,2.198620572,2012.0249599609372,365.79537999999997,777.0,500.0271939945985,2958.70947265625,660.392822265625,86.5,202.54193827119883
4153498.17,297885.212,0.01129154,0.00940059,0.00209613,6.256907997000001,5431.620506225586,2365.533,1052.5,2937.3347970333552,2112.62353515625,5099.78466796875,823.0,1951.854780249332
4509060.71,449799.709,0.01102234,0.03699805,0.00350358,0.41870585,2313.628842651367,390.7331,11.0,1.5765932118090549,2343.427001953125,441.365478515625,16.5,3.326393829665049
2180249.13,153487.228,0.00578217,0.02710814,0.00272305,0.426074116,2696.7533203125,457.24422999999996,0.0,0.0,2673.78857421875,481.46368408203125,10.0,1.4395975674168735
4191815.4,800487.67,0.01157072,0.03454164,0.00676071,0.943145406,1996.704505126953,332.52988,825.5,356.8849078731508,2264.739990234375,406.1384582519531,242.0,300.4412707305676
768779.785,734894.793,0.00328892,0.02931677,0.00339392,1.5951828330000002,2168.860271118164,360.79578,321.5,82.8131723096664,3016.2412109375,528.0076293945312,35.0,13.277200313947644
4467080.93,51891.4138,0.00876159,0.02044181,0.00250293,1.6887754190000002,2907.267817138672,542.275,66.5,25.78632790728309,2449.6533203125,465.7167663574219,22.0,5.2229408404317645
1855729.44,131607.387,0.00178171,0.01275129,0.00623444,1.562716045,3903.901413330078,772.82263,829.5,928.5669585388288,3309.447265625,765.2991943359375,337.5,267.8324605725196
3418635.3,523757.435,0.00103954,0.03343503,0.00498619,2.647682731,2206.718260986328,373.28893999999997,594.5,331.7840044002167,2543.433837890625,515.075439453125,62.0,86.91030201498049
2916799.11,350066.699,0.01020932,0.04997808,0.0023776,1.074147089,2871.7459274902344,495.1693,109.5,41.294419164081006,2930.475341796875,528.6065063476562,31.0,8.773413020426084
2780873.17,257699.784,0.01358694,0.008596799999999998,0.0001667,8.507266361000001,3236.879987426758,979.3755,789.5,1534.7878121525164,3459.6962890625,3111.2373046875,867.0,2035.5732436714413
8211437.6,431921.925,0.00841556,0.03125687,0.00375686,0.484114464,2474.1391099853518,418.18607000000003,96.5,3.37147069411143,2646.05908203125,504.8996276855469,73.5,38.074236615290076
4515991.01,279539.992,0.00726472,0.01881356,0.00420554,1.155467587,2476.684467895508,465.01514000000003,44.5,10.38508972692449,2760.1611328125,576.25,27.0,4.537718496430278
873860.417,434862.682,0.00185194,0.03186054,0.00485766,2.088327162,2175.8637298583985,364.04208,628.0,311.2977206737564,2983.501953125,576.0110473632812,144.0,129.47943197797716
3222281.79,110073.922,0.00957456,0.033242900000000006,0.00665235,1.784716103,1731.8210771484376,288.36536,1021.0,825.3243432425313,2792.081298828125,563.443603515625,62.0,91.27134018887674
6541250.05,429568.409,0.00736673,0.01966912,0.00201633,1.430040785,3377.765587890625,583.8292,244.0,97.44325827574755,2915.41650390625,550.1392211914062,52.5,17.2713893917904
2584771.74,146950.991,0.01316906,0.04356031,0.00548505,1.776301279,1907.9975036621095,325.5204,934.5,375.1027638899391,2780.634033203125,1231.005859375,146.0,315.5216266873802
1957808.25,264058.772,0.00205866,0.0147519,0.00553067,1.35318906,3308.861415405273,689.1293,309.5,219.58247400066531,3374.702392578125,882.5840454101562,161.5,168.26702753345816
5336453.63,721480.445,0.01450757,0.02655959,0.00383777,1.929553939,2336.5331219482423,448.82665999999995,101.0,22.342267071460203,2795.396240234375,535.0294799804688,54.0,11.063738344371313
3268865.25,229212.919,0.00319137,0.01853427,0.00493536,0.903136112,2242.2387973632813,432.7063,275.0,102.89499408361202,2768.189208984375,530.6908569335938,53.5,52.04233522573991
3919280.2,748555.421,0.01073067,0.04982597,0.00078966,1.623104027,3026.988851074219,547.66046,622.0,303.6594415507368,3106.0478515625,542.1547241210938,84.0,36.492732049472906
5431693.22,532826.796,0.00535862,0.01097358,0.00650011,1.426663124,2540.2265948486333,533.5742,420.0,277.4474546546096,3202.95654296875,760.8375244140625,92.0,73.78320375383157
7837165.6,481057.999,0.00165467,0.02447839,0.00563208,2.059267036,2038.7548677978518,364.73837000000003,685.5,354.46844827097794,3142.971435546875,612.9144897460938,79.0,70.74599400439868
1289877.65,550781.566,0.01145107,0.05304484,0.00327736,1.508366998,2705.8656955566407,484.01907,105.0,29.357491673547674,3211.312744140625,554.1056518554688,35.0,15.859106081138513
2015813.14,609996.256,0.00340525,0.02242191,0.00168702,1.23350024,3373.454094482422,624.3483,184.5,166.67321472620043,3092.77197265625,638.3177490234375,66.5,36.63099727409867
1462419.33,704049.318,0.00325302,0.0495026,0.00016371,2.258006534,2452.6825632324217,746.5358,741.5,610.1777578145262,2908.613525390625,574.20068359375,227.5,137.6473431175296
4324411.6,477432.879,0.01181707,0.00682346,0.00475786,6.549736013,5296.832544555664,859.7307,1107.5,2186.4175995551786,3712.272705078125,1802.154296875,679.0,1092.9333820918948
635796.63,127692.504,0.00997197,0.00591153,0.00602242,5.77647528,4228.588948181153,1554.7723,991.0,1839.9259659222846,5286.62451171875,2983.79296875,1050.5,3371.386381534551
1927398.37,331763.173,0.00644783,0.02570259,0.00199196,0.622676872,3037.1990227050787,573.20435,83.0,28.886111719649907,2925.986328125,560.057373046875,47.0,16.650769964468047
2783179.54,192074.478,0.00381719,0.005085899999999999,0.00033898,5.321738446,2079.0870885009767,3724.1594,1023.5,3676.8915033017547,1211.3321533203125,7858.74755859375,1002.0,3654.3859364886193
4598374.5,416172.636,0.00231116,0.04076853,0.00258888,2.13488066,2709.761935913086,471.0538,15.5,7.925885522331277,3049.029052734375,583.7574462890625,63.5,39.448116699852655
3098620.37,369106.502,0.00410368,0.03264079,0.00291631,1.297834854,2573.79430444336,428.96985,7.0,0.6291891719927118,2490.447021484375,478.5521545410156,28.5,32.518981182764655
4041229.26,313107.893,0.00331422,0.0315797,0.00112855,1.672659712,3011.1678845214838,528.2386,257.0,107.01088292399328,2845.111328125,565.5006713867188,65.0,39.86565284405262
2361765.62,247002.656,0.00609925,0.05029589,0.00993011,1.936915237,1623.9719420166016,306.35767000000004,1085.5,1226.345431618782,2709.948486328125,536.8680419921875,371.0,369.4898324461402
7405858.35,600395.964,0.01021344,0.04257998,0.0035648000000000008,0.868007827,2600.054029052734,437.43982,62.5,6.255227282084937,2970.315673828125,505.4973449707031,27.0,6.381478647344137
5248428.93,580104.503,0.00515919,0.02083066,0.00635045,0.583584521,2446.775649536133,471.37317,399.0,187.5722433273181,3001.673583984375,571.3606567382812,34.5,11.060093315637843
3636995.0,398752.006,0.00092719,0.05509925,0.00056484,2.786109125,4096.186335327147,700.7493,847.0,2802.489147692869,2888.416748046875,556.9706420898438,118.5,127.00260617119932
4928747.27,451517.949,0.00963514,0.03533438,0.00230363,0.593091214,2633.3792974853513,446.5448,1.0,0.2607329573537189,2533.83251953125,471.8591003417969,41.5,11.608734088067024
4256469.9,153242.035,0.01082334,0.02860695,0.00515902,1.384431807,1838.6511707763675,316.53345,964.0,380.9137746940013,2731.632080078125,536.7362060546875,42.0,26.36751648302868
3450075.95,614236.037,0.0080839,0.03889872,0.00323653,0.853315495,2412.41854296875,410.89825,3.5,0.2569015518361688,2510.163330078125,479.7884521484375,25.5,19.87735124976982
4465402.34,325733.55,0.00975925,0.017472799999999997,0.00092892,3.067524583,4148.334375,740.45325,486.0,644.9567417118571,3403.680908203125,651.281982421875,183.0,146.57490085684614
1853072.99,348330.221,0.00455872,0.05428198,0.00275875,1.978079768,2440.643050415039,420.79282,90.0,30.45964020658721,2782.0380859375,485.2938232421875,28.5,5.854959602148467
1131632.57,384412.524,0.01175322,0.01020487,0.0026916,5.82308611,3969.732887695313,2075.6420000000003,725.0,997.3065741331,4110.61669921875,3253.1865234375,847.0,1975.430877236585
4093156.11,334428.455,0.00880725,0.02295504,0.00442826,0.981414121,2071.1482373046874,462.77737,293.5,54.68977955946374,2777.391845703125,549.7135620117188,13.5,1.4614611206094814
3482016.42,422664.745,0.00287738,0.02249332,0.00517833,1.315761682,1973.1987061767582,333.07004,655.0,209.5068087260687,2572.788818359375,529.1155395507812,77.0,97.10545062052344
3195065.88,296443.281,0.00497372,0.03288323,0.00283293,1.044197984,2462.45121862793,428.559,2.5,0.20807380723432267,2733.156494140625,547.3020629882812,49.0,19.308258463238968
6104198.75,800658.229,0.01027736,0.06931728,0.00435609,2.066586775,2509.471194213867,419.39755,622.5,136.79947000782292,2666.26904296875,487.67364501953125,53.5,36.766833831446746
3182510.04,343749.092,0.00693979,0.03004175,0.00638545,0.679052412,1746.6477657470707,303.38608,944.0,623.8424960043034,3004.701416015625,530.3987426757812,26.0,8.226779348604829
6393841.32,160131.953,0.00482845,0.02930775,0.00262025,0.95108522,2716.378478149414,460.32812,43.5,43.221651639862365,2734.146484375,509.79913330078125,30.5,16.158160911834003
4805977.3,525372.582,0.00363102,0.01556853,0.00350134,0.794011308,2904.1043319091805,657.85785,61.0,33.17094041140945,2675.443359375,783.4254760742188,109.5,111.72589716607628
1687774.9,404440.477,0.00479097,0.03229834,0.00309709,1.083386343,2444.6441046142577,420.65646,0.5,0.026513499822486963,2711.59912109375,520.67431640625,19.0,6.806627921648618
5381436.21,767914.6690000001,0.01104496,0.00938562,0.00461891,5.147556936,1825.3792655639647,1746.3293,385.0,763.8701610810324,2822.78759765625,2802.896240234375,735.5,1038.3399184627328
5866370.02,542949.9820000001,0.00712365,0.01500656,0.00180953,2.396355321,3058.0174140625,1297.9335,560.5,1199.208672567509,2862.784912109375,1873.668212890625,554.5,813.6153393892378
4069380.26,88054.3099,0.01090847,0.00992622,0.00185406,5.955805912000001,3485.6263196411132,5573.5557,929.5,2714.1419320133764,2233.4931640625,7744.5244140625,666.0,1783.5145036729375
3867005.86,276252.218,0.00877546,0.00327552,0.00456672,7.408287858,3154.4938693237305,997.6428,878.0,2032.7826331002227,4301.44384765625,5666.23583984375,1053.5,4165.270981038681
2375756.76,482376.638,0.00796057,0.01725585,0.0016614999999999998,2.242176142,4208.484386230469,787.03906,362.5,343.2002763944738,3433.479736328125,955.4553833007812,196.0,159.24449416495185
5001053.03,565640.384,0.01498747,0.02153059,0.00326324,3.065142481,2560.783705078125,470.71832,17.0,1.7872169611993662,2624.0439453125,525.06640625,19.0,3.264699088069067
2634783.72,539157.824,0.00508263,0.05358704,0.0034833,1.912073541,2271.746969970703,479.0526,643.0,145.4979517530585,2953.597900390625,543.8906860351562,54.5,23.59355692154002
6632219.88,306744.242,0.0040568,0.0178597,0.00690201,0.738161933,2177.992608520508,381.95352,749.0,402.2312086168808,2893.5263671875,530.14697265625,141.5,134.59357438300242
5754436.98,371268.064,0.01248809,0.00221295,0.00049367,13.5618299,6883.398781005861,1135.9567,1128.0,4814.951085409113,3941.6435546875,7775.86767578125,1032.0,3443.040129785648
4307590.26,467636.047,0.00592502,0.01405256,0.00572172,1.215841553,1741.5570693359375,538.38226,712.5,569.0031871745725,3721.79345703125,706.8355102539062,39.0,14.07011295423946
2209742.76,179771.848,0.01194101,0.02631214,0.00241735,1.6233962,2613.077443481445,445.08893,3.5,0.4220808287734439,2840.94287109375,556.6395874023438,18.0,2.14473897457583
4272001.95,50907.0591,0.00269839,0.03737937,0.00337314,1.912704071,2571.301576538086,434.09558,96.0,27.81387166157181,2649.25341796875,467.3166198730469,25.0,10.961309366888617
742974.1479999998,165267.033,0.00746991,0.04175637,0.00624351,1.7885097580000002,1805.1204837646485,303.1769,868.5,659.2757753859403,2523.577880859375,450.7483825683594,198.5,208.87992064239901
4099022.05,82897.8306,0.00812209,0.00482762,0.00715802,4.832960235,7140.5601580810535,1211.8688,1159.0,5894.329647192541,3215.000244140625,3237.40283203125,793.5,1750.8250596769003
4423838.67,626633.2660000001,0.00686236,0.03087402,0.00370282,0.641244193,2321.7757313232423,400.1145,23.0,1.7216831565644952,2464.00634765625,475.25335693359375,39.0,18.806942500175907
5279686.09,554385.174,0.00630242,0.04641177,0.00367536,1.514229516,2488.8942252197266,443.2228,58.5,6.886633575406481,2745.484130859375,481.2786865234375,20.0,3.757289800224802
1884221.02,712815.6359999998,0.00667498,0.05175351,0.00403364,1.7066126519999998,2412.342716918945,426.29257,306.5,79.68392143965488,2625.609130859375,455.7032470703125,35.5,9.519121071117457
1386496.57,446881.052,0.00732551,0.03077179,0.00171699,0.890180302,2494.693420776367,450.15714,10.5,0.9480060839515154,2710.9794921875,518.2462768554688,28.5,6.094312668108708
5469220.78,573432.774,0.00427359,0.02316308,0.0023319000000000005,0.977685605,2851.6054931640624,506.42755,47.5,24.684755763597842,2648.63671875,504.6708679199219,18.5,4.240636755775244
548579.623,571354.073,0.00224073,0.02973229,0.0060698,1.914320063,1926.9340236816406,320.62015,844.0,481.7182101602817,3059.425537109375,609.5181884765625,149.5,211.53134337588278
2527387.62,318922.978,0.00147287,0.0347587,0.00661811,2.314590041,1695.8088127441406,303.61,986.0,784.7661856222555,2753.922607421875,503.0028381347656,202.5,328.0269529920256
5070710.28,453006.932,0.00448446,0.01838113,0.00161537,1.049725157,3707.532344604492,698.19415,467.0,236.30763177907588,3193.968994140625,677.26953125,113.0,61.18721000819511
3506083.65,497845.823,0.01212925,0.03877499,0.00466962,0.678891053,2139.6390689697264,401.41196,592.5,114.44761319225474,2858.1767578125,496.3216247558594,13.5,2.8301670037526545
1242334.44,466110.823,0.00990768,0.00743726,0.00626256,4.894134424,4195.77640411377,4586.5635,708.0,1701.1330386135885,4027.57763671875,2447.79248046875,766.5,1599.603031604214
2272307.8,494072.44,0.01359155,0.08100804,0.00215053,2.363726061,2730.931003234863,869.47565,364.0,367.5446823204341,3334.8076171875,624.6293334960938,50.0,20.66312248159565
5677894.03,604292.373,0.00912349,0.04223832,0.00097078,1.399756751,3082.513344604492,540.5163,301.5,263.5185405340461,3190.751220703125,558.6398315429688,43.0,17.309034429049753
829158.94,486354.328,0.00577466,0.05933623,0.00657348,2.067551642,1978.5413604736327,375.83536000000004,932.5,557.9571656023461,2918.308349609375,532.7772827148438,45.5,14.183744858311966
5212358.02,460860.311,0.01274819,0.01770121,0.00427923,3.1872660880000003,2195.1656837158207,394.2082,200.5,23.021075975092717,2658.770263671875,649.797607421875,24.5,5.151704264571814
2033506.66,643898.309,0.01113949,0.0627382,0.00430886,1.813831184,2252.7710688476564,430.0629,615.0,181.55155182485046,2845.868408203125,520.62646484375,88.0,42.8470087282179
3645065.15,248270.092,0.0061551,0.02794801,0.00295109,0.35752578700000004,2468.520127319336,414.24036,11.5,1.8540174972623689,2965.313232421875,540.6253051757812,33.0,31.70560576853834
3142483.86,393587.98,0.01096405,0.01256664,0.00409114,4.124631648,3774.611988830567,1076.0708,628.5,1241.0523719758548,3515.46337890625,2051.6845703125,522.0,899.5381640958213
1419812.74,259104.452,0.01130433,0.03357609,0.00366654,1.100749399,2229.518216430664,404.26947,81.5,6.553926099955131,2617.544677734375,533.2047729492188,55.0,34.82830637352636
4846278.72,682704.218,0.01264557,0.0142667,0.00699154,3.4483437130000003,2510.8822259521485,709.4303,745.0,485.00303254980486,3027.50634765625,564.5678100585938,36.5,10.160260885759875
4750817.83,316019.189,0.00505294,0.03234588,0.00146236,1.201416765,3244.8713571777344,554.2902,244.0,148.681338853521,2880.41015625,495.98834228515625,40.5,12.325815911587233
2169040.78,813326.446,0.00868273,0.00369112,0.00586268,6.309176425,3628.227064453125,3021.4397,900.5,1612.9580712384784,2926.97900390625,2230.55126953125,837.0,1560.605706275636
2090872.12,304817.74100000004,0.00366522,0.03027473,0.00738381,1.459154228,1491.5616141357425,300.79947000000004,1037.0,1206.1359201921919,3067.7880859375,539.7889404296875,167.0,405.73375719139233
954886.18,898843.435,0.00129594,0.04305939,0.00490932,2.506969104,1793.5393803710938,378.4234,1003.0,982.283670689542,2742.965087890625,494.27490234375,45.0,21.605445724096818
3003745.13,129175.489,0.00689201,0.05638128,0.00413939,1.8305587,2429.3034152832033,413.88425,318.0,58.336750767249356,2628.1240234375,448.28021240234375,18.5,19.518803849098774
6035515.62,433715.543,0.00789506,0.02831086,0.00236675,0.613401465,2690.594174804688,489.43567,14.5,1.036587202618268,2685.590576171875,609.7277221679688,22.5,10.64781529019418
6244043.62,150797.736,0.00549176,0.00623583,0.00293671,4.3449866,2612.587507080078,3842.1477,849.0,1991.694664841868,2579.47412109375,4072.501220703125,848.5,1841.4428117546504
2133663.26,329612.406,0.01242591,0.02610783,0.00126024,2.025532377,3357.535292602539,575.99176,239.0,97.83874404353449,2835.595703125,531.8130493164062,36.0,6.297359947360658
2302448.41,537481.535,0.00980716,0.00698801,0.00220694,6.903142074,3839.59908001709,4440.0747,932.5,3159.248554158983,3143.38232421875,6937.6572265625,998.0,3629.168341874346
3306368.99,309508.218,0.00117328,0.02877218,0.00870064,2.399132529,1517.576407470703,300.62894,1082.0,1243.0716900429675,3352.461181640625,587.1265869140625,54.5,39.37741172676209
6721932.08,269967.631,0.00763655,0.02845195,0.00153863,0.904318719,3192.7983837890624,539.7023,255.0,95.57034943096942,2939.21875,523.025390625,17.5,6.68218464482071
7877914.5,337529.816,0.00084094,0.02678994,0.00287593,2.559312608,2877.903351501465,760.9766,178.0,258.6747582802882,2824.618408203125,537.9473876953125,40.5,54.20594483005312
4839980.2,213088.482,0.00669924,0.04700167,0.00723389,1.717771634,2028.3628205566406,335.46932999999996,1012.5,674.1956253183032,2887.8564453125,483.7090759277344,120.0,88.77903752312398
2456862.56,214784.774,0.00834342,0.03578365,0.00391492,0.675679048,2063.229576538086,344.32095,193.0,35.54936171106034,2335.66552734375,440.48687744140625,26.0,11.058162984819472
2810634.69,586419.21,0.00597922,0.02167994,0.00218174,0.835234859,3547.6453154296873,599.83887,184.0,84.75220464563594,2864.850341796875,631.67431640625,86.0,35.2777158263434
2339751.62,254102.644,0.00967864,0.02767682,0.00893251,1.546773069,1391.9652237548828,251.50752000000003,1059.0,1290.1566315788325,2576.275634765625,573.1673583984375,265.0,337.9442934459316
1595194.16,471044.795,0.01294527,0.03117873,0.00060916,1.887104881,3002.436332641601,750.449,601.0,367.2511132327228,3315.834228515625,605.2194213867188,44.0,17.01366719896799
2731819.14,142587.008,0.00012374,0.03208611,0.00299858,3.091383768,2237.2787204589845,369.19556,525.0,312.7938670601407,2422.9052734375,444.96319580078125,160.0,195.7957909691152
3397548.38,266936.505,0.00603365,0.03046701,0.00677557,0.961937877,1859.6708532714845,312.23287999999997,982.0,747.7545832976738,3283.335693359375,554.4714965820312,39.0,25.22440186672968
1498013.92,349215.691,0.01016111,0.04589486,0.00811357,1.566546128,1611.387950439453,271.48007,1034.0,908.3763160411933,2856.230224609375,506.7066955566406,51.0,36.732131850229806
1112940.46,357027.573,0.01286624,0.01077102,0.00498563,5.17274156,2691.7539135131838,1160.1917,416.0,394.43695056794166,2013.1883544921875,3472.50732421875,563.0,1121.0362797980322
7280115.71,175822.53100000002,0.00953228,0.00408439,0.00355526,7.881152352999999,4333.154861328125,4493.9194,1062.5,4030.014463662004,2669.29541015625,3364.548828125,834.5,1889.267643845274
5023857.8,424577.79,0.012224700000000002,0.02134475,0.00339297,2.388570584,2520.883783935547,439.4223,10.0,1.4231080148752469,2587.262451171875,494.2596130371094,28.0,11.410094169376539
4503402.93,66324.0754,0.0089052,0.0170084,0.0047972,2.087331645,2000.5897456054688,492.25504000000006,430.0,132.03526806094038,2631.529052734375,504.0821838378906,46.5,18.889253077624172
902221.88,183577.392,0.00394722,0.01617666,0.00156496,0.888828946,3731.2030764160163,750.4926,464.0,240.18633982005787,3221.48095703125,853.3983154296875,208.5,199.91641554310786
1870925.58,683740.313,0.00920048,0.0361655,0.00457489,0.8306605229999999,2220.452168701172,375.73904,323.0,63.41897408674245,3031.13916015625,521.1087036132812,20.0,5.3233770535040055
2067278.19,658827.384,0.00262989,0.0461446,0.00302369,2.152762474,1964.4022899169918,331.35077,582.5,483.75579614279195,3242.255859375,574.9898071289062,48.0,18.960209417069784
3249043.76,372520.859,0.00245497,0.01308905,0.00526554,1.028734553,3008.8239107055665,938.0981,441.0,428.7228553223242,3328.021484375,798.3154296875,281.5,394.1050564205812
